[{"active": true, "ci": "ci1", "ci_allocation": "ci1 (01 of 02)", "timestamp": 1567015381.979009, "pipeline": "", "pipeline_url": "", "state": "completed", "vic_number": "1"}, {"active": true, "ci": "ci1", "ci_allocation": "ci1 (02 of 02)", "timestamp": 1567015381.979009, "pipeline": "p1", "pipeline_url": "http://p1/", "state": "stopped", "vic_number": "2"}, {"active": false, "ci": "ci2", "ci_allocation": "ci2 (01 of 01)", "timestamp": 1567015381.979009, "pipeline": "", "pipeline_url": "", "state": "stopped", "vic_number": "3"}]