{"startTimeMillis": 1567201682000, "pipeline": "AllCores", "durationMillis": 2608306, "name": "#503", "id": "503", "branch": "pipeline-corrections", "status": "SUCCESS", "timestamp": 1567201682000, "params": {"JOB_END": "stage3", "JOB_START": "stage2"}, "stages": [{"truth": {"core": "all", "name": "stage1"}, "durationMillis": 420, "name": "stage1", "id": "1", "stageFlowNodes": [1, 2, 3], "status": "SUCCESS"}, {"truth": {"core": "1", "name": "stage2"}, "durationMillis": 10000, "name": "stage2", "id": "2", "stageFlowNodes": [1, 2, 3], "status": "SUCCESS"}, {"truth": {"core": "2", "name": "stage3"}, "durationMillis": 15000, "name": "stage3", "id": "3", "stageFlowNodes": [1, 2, 3], "status": "SUCCESS"}, {"truth": {"core": "2", "name": "stage4"}}, {"truth": {"core": "3", "name": "stage5"}}]}
{"startTimeMillis": 1567201683000, "pipeline": "AllCores", "durationMillis": 2608306, "name": "#504", "id": "504", "branch": "pipeline-corrections", "status": "SUCCESS", "timestamp": 1567201683000, "params": {"JOB_END": "", "JOB_START": ""}, "stages": [{"truth": {"core": "all", "name": "stage1"}, "durationMillis": 5000, "name": "stage1", "id": "1", "stageFlowNodes": [1, 2, 3], "status": "SUCCESS"}, {"truth": {"core": "1", "name": "stage2"}, "durationMillis": 10000, "name": "stage2", "id": "2", "stageFlowNodes": [1, 2, 3], "status": "SUCCESS"}, {"truth": {"core": "2", "name": "stage3"}, "durationMillis": 15000, "name": "stage3", "id": "3", "stageFlowNodes": [1, 2, 3], "status": "SUCCESS"}, {"truth": {"core": "2", "name": "stage4"}, "durationMillis": 10000, "name": "stage4", "id": "4", "stageFlowNodes": [1, 2, 3], "status": "SUCCESS"}, {"truth": {"core": "3", "name": "stage5"}, "durationMillis": 14000, "name": "stage5", "id": "5", "stageFlowNodes": [1, 2, 3], "status": "SUCCESS"}]}
