{"stage": "Build", "number": 1, "timestamp": 1566998821000, "result": "SUCCESS", "id": "1", "ci": "ci3", "url": "http://jenkins/job/ci3_build/1/", "cause": "Self-Service-Pipeline", "ss": "ss1", "actions": [], "duration": 10000, "instance": "Production"}
{"stage": "Build", "number": 2, "timestamp": 1566998822000, "result": "FAILED", "id": "2", "ci": "ci3", "url": "http://jenkins/job/ci3_build/2/", "cause": "Self-Service-Pipeline", "ss": "ss1", "actions": [], "duration": 20000, "instance": "Production"}
