{"startTimeMillis": 1567016321000, "pipeline": "AllCores", "durationMillis": 2608306, "name": "#500", "id": "500", "branch": "pipeline-corrections", "status": "FAILED", "timestamp": 1567016321000, "params": {"JOB_END": "", "JOB_START": "stage2"}, "stages": [{"truth": {"core": "all", "name": "stage1"}, "durationMillis": 420, "name": "stage1", "id": "1", "stageFlowNodes": [1, 2, 3], "status": "SUCCESS"}, {"truth": {"core": "1", "name": "stage2"}, "durationMillis": 10000, "name": "stage2", "id": "2", "stageFlowNodes": [1, 2, 3], "status": "SUCCESS"}, {"truth": {"core": "2", "name": "stage3"}, "durationMillis": 15000, "name": "stage3", "id": "3", "stageFlowNodes": [1, 2, 3], "status": "SUCCESS"}, {"truth": {"core": "2", "name": "stage4"}, "durationMillis": 30000, "name": "stage4", "id": "4", "stageFlowNodes": [1, 2, 3], "status": "FAILED"}, {"truth": {"core": "3", "name": "stage5"}}]}
{"startTimeMillis": 1567016322000, "pipeline": "AllCores", "durationMillis": 2608306, "name": "#501", "id": "501", "branch": "pipeline-corrections", "status": "SUCCESS", "timestamp": 1567016322000, "params": {"JOB_END": "stage4", "JOB_START": "stage2"}, "stages": [{"truth": {"core": "all", "name": "stage1"}, "durationMillis": 420, "name": "stage1", "id": "1", "stageFlowNodes": [1, 2, 3], "status": "SUCCESS"}, {"truth": {"core": "1", "name": "stage2"}, "durationMillis": 10000, "name": "stage2", "id": "2", "stageFlowNodes": [1, 2, 3], "status": "SUCCESS"}, {"truth": {"core": "2", "name": "stage3"}, "durationMillis": 15000, "name": "stage3", "id": "3", "stageFlowNodes": [1, 2, 3], "status": "SUCCESS"}, {"truth": {"core": "2", "name": "stage4"}, "durationMillis": 10000, "name": "stage4", "id": "4", "stageFlowNodes": [1, 2, 3], "status": "SUCCESS"}, {"truth": {"core": "3", "name": "stage5"}}]}
