{"startTimeMillis": 1567115282000, "pipeline": "AllCores", "durationMillis": 1608306, "name": "#502", "id": "502", "branch": "pipeline-corrections", "status": "FAILED", "timestamp": 1567115282000, "params": {"JOB_END": "", "JOB_START": ""}, "stages": [{"truth": {"core": "all", "name": "stage1"}, "durationMillis": 12000, "name": "stage1", "id": "1", "stageFlowNodes": [1, 2, 3], "status": "SUCCESS"}, {"truth": {"core": "1", "name": "stage2"}, "durationMillis": 10000, "name": "stage2", "id": "2", "stageFlowNodes": [1, 2, 3], "status": "SUCCESS"}, {"truth": {"core": "2", "name": "stage3"}, "durationMillis": 15000, "name": "stage3", "id": "3", "stageFlowNodes": [1, 2, 3], "status": "SUCCESS"}, {"truth": {"core": "2", "name": "stage4"}, "durationMillis": 10000, "name": "stage4", "id": "4", "stageFlowNodes": [1, 2, 3], "status": "SUCCESS"}, {"truth": {"core": "3", "name": "stage5"}, "durationMillis": 30000, "name": "stage5", "id": "5", "stageFlowNodes": [1, 2, 3], "status": "FAILED"}]}
